{
  "A) Original 2 terms": {
    "Population": 0.19884425401687622,
    "Median_Income": 0.39479368925094604,
    "month": 0.09206321835517883,
    "monthly_average_CalFresh": 0.11408733576536179,
    "monthly_average_FoodBank": 0.2002115398645401
  },
  "B) All 8 new terms": {
    "Population": 0.11242040991783142,
    "Median_Income": 0.22777947783470154,
    "month": 0.0416710190474987,
    "trend_food_stamps": 0.09267821162939072,
    "trend_ebt_card": 0.04831811413168907,
    "trend_snap_benefits": 0.07152437418699265,
    "trend_food_pantry_near_me": 0.05261360481381416,
    "trend_food_bank": 0.07308433949947357,
    "trend_calfresh": 0.03785808011889458,
    "trend_apply_for_calfresh": 0.17940060794353485,
    "trend_supplemental_nutrition_assistance_program": 0.06265173107385635
  },
  "C) All 8 + original 2": {
    "Population": 0.09900551289319992,
    "Median_Income": 0.2103862464427948,
    "month": 0.03748320788145065,
    "monthly_average_CalFresh": 0.06059303507208824,
    "monthly_average_FoodBank": 0.11921953409910202,
    "trend_food_stamps": 0.05478765070438385,
    "trend_ebt_card": 0.03825002536177635,
    "trend_snap_benefits": 0.06155693903565407,
    "trend_food_pantry_near_me": 0.04197131469845772,
    "trend_food_bank": 0.05233457684516907,
    "trend_calfresh": 0.03144005313515663,
    "trend_apply_for_calfresh": 0.12307043373584747,
    "trend_supplemental_nutrition_assistance_program": 0.06990152597427368
  }
}