{
  "Random Forest": {
    "r2": 0.18951370277344592,
    "rmse": 0.002199451020904036,
    "mae": 0.0009156290243248693,
    "smape": 13.610591279956068
  },
  "Gradient Boosting": {
    "r2": 0.1892446339930871,
    "rmse": 0.00219981608228536,
    "mae": 0.0008945163608412433,
    "smape": 13.644896504050852
  },
  "XGBoost (default)": {
    "r2": -0.037278832720524235,
    "rmse": 0.0024882225098296997,
    "mae": 0.0009085767802297916,
    "smape": 13.250380420222294
  },
  "XGBoost (tuned)": {
    "r2": 0.33839860497820395,
    "rmse": 0.001987191235305612,
    "mae": 0.000877155316483291,
    "smape": 13.456901209039241
  }
}