{
  "r2_mean": 0.937367939386836,
  "r2_std": 0.03517897037326282,
  "rmse_mean": 0.0004064116252182517,
  "rmse_std": 5.787002774439815e-05,
  "mae_mean": 0.00028003863567419517,
  "mae_std": 4.2692553312568646e-05,
  "smape_mean": 5.292018650260627,
  "smape_std": 1.2134986441591935,
  "r2_spike_mean": 0.7826962926600686,
  "r2_spike_std": 0.3073047247411898,
  "mae_spike_mean": 0.0006120158550432844,
  "mae_spike_std": 0.0006267594176889688,
  "spike_threshold": 0.2779696769940543,
  "total_folds": 5,
  "total_spikes": "6",
  "total_validation_samples": "198"
}