{
  "overall_r2": 0.5348350760046485,
  "overall_rmse": 0.0012828146541939813,
  "overall_mae": 0.00043237036236825526,
  "overall_smape": 6.8465082340066585,
  "r2_mean": 0.5377291848888326,
  "r2_std": 1.6400991083833658,
  "rmse_mean": 0.0008087393142219529,
  "rmse_std": 0.001059574329904926,
  "mae_mean": 0.0004365226464812494,
  "mae_std": 0.00021206037399736682,
  "smape_mean": 6.898521505408646,
  "smape_std": 2.1826072534538965,
  "total_months": 25,
  "total_predictions": 1248
}