{
  "overall_r2": 0.4922604709192626,
  "overall_rmse": 0.0013379694682558267,
  "overall_mae": 0.0007751587783924878,
  "overall_smape": 12.372005844439155,
  "r2_mean": 0.40943374167330093,
  "r2_std": 0.7059867190765458,
  "rmse_mean": 0.001242385352721277,
  "rmse_std": 0.0005861428681836037,
  "mae_mean": 0.0007821646643104893,
  "mae_std": 0.0002563766653983717,
  "smape_mean": 12.458557147126687,
  "smape_std": 3.7253780992818757,
  "total_months": 25,
  "total_predictions": 1242
}