{
  "overall_r2": 0.29811151607884023,
  "overall_rmse": 0.0015731124698995405,
  "overall_mae": 0.0007880558590872701,
  "overall_smape": 12.435270721329793,
  "r2_mean": 0.1096467835441327,
  "r2_std": 1.742455865805675,
  "rmse_mean": 0.0013735146783288097,
  "rmse_std": 0.0008800966264181585,
  "mae_mean": 0.0007964733973825549,
  "mae_std": 0.00023049915594977672,
  "smape_mean": 12.541107707167457,
  "smape_std": 3.2968926748340537,
  "total_months": 25,
  "total_predictions": 1242
}