{
  "overall_r2": 0.8493357699330051,
  "overall_rmse": 0.0007300716951306214,
  "overall_mae": 0.000417030673730647,
  "overall_smape": 7.037037849402656,
  "r2_mean": 0.8481842262366,
  "r2_std": 0.20043187106062932,
  "rmse_mean": 0.0006395424858793615,
  "rmse_std": 0.0003779562203625672,
  "mae_mean": 0.00041931887369308225,
  "mae_std": 0.00015976282819383985,
  "smape_mean": 7.085261255045212,
  "smape_std": 2.1014393674619694,
  "total_months": 25,
  "total_predictions": 1248
}