{
  "r2_mean": -0.16073545194406053,
  "r2_std": 0.16925888038754433,
  "r2_min": -0.7217102979947871,
  "r2_max": -0.0038354216658371687,
  "rmse_mean": 0.0018908764134909675,
  "rmse_std": 0.0002767288052337069,
  "rmse_min": 0.0015406578969130572,
  "rmse_max": 0.0025755081552694633,
  "mae_mean": 0.001510240094016143,
  "mae_std": 0.00021008036406391472,
  "mae_min": 0.0011902388078452518,
  "mae_max": 0.0019451696029511936,
  "smape_mean": 26.23016548742371,
  "smape_std": 1.9634034108746412,
  "smape_min": 22.29029258206954,
  "smape_max": 30.635185156667422,
  "overall_r2": -0.027475073355925694,
  "overall_rmse": 0.0019033180339477745,
  "overall_mae": 0.001504068325969701,
  "overall_smape": 26.12375265766741,
  "total_months": 25,
  "total_predictions": 1242
}