{
  "overall_r2": 0.10007132162285215,
  "overall_rmse": 0.001784286044870619,
  "overall_mae": 0.0004558739485911675,
  "overall_smape": 7.154268093916848,
  "r2_mean": 0.13202505962699254,
  "r2_std": 3.8026146517748636,
  "rmse_mean": 0.0008885923885343773,
  "rmse_std": 0.0016369871608058247,
  "mae_mean": 0.0004593496997833032,
  "mae_std": 0.0002810705114792338,
  "smape_mean": 7.1828061416863465,
  "smape_std": 2.0092688929133464,
  "total_months": 25,
  "total_predictions": 1248
}