{
  "overall_r2": 0.6213819586726314,
  "overall_rmse": 0.0011553840490067387,
  "overall_mae": 0.0007715134981002206,
  "overall_smape": 12.574014169913609,
  "r2_mean": 0.5921573434273337,
  "r2_std": 0.23704909436258942,
  "rmse_mean": 0.0011034916762542118,
  "rmse_std": 0.00038770071250719294,
  "mae_mean": 0.0007763953375616598,
  "mae_std": 0.0002534443307841094,
  "smape_mean": 12.666383849553633,
  "smape_std": 3.5227849938353044,
  "total_months": 25,
  "total_predictions": 1242
}